Company,HQ City,HQ State/Country,Annual Revenue,Industry,Score,Tier,Location Score,Financial Score,Partnership Score,Recency Score,Why Now,Target Persona,Known Partnerships,Triggering Article,Article Source,Article Date,Website,Stock Ticker
Target Corporation,Minneapolis,MN,$109.0B,Retail,100,Tier 1,25,25,30,20,"""Target Names New Chief Brand Officer, Eyes Expanded LTO Design Partnerships"" (Retail Dive) | Key signals: new leadership appointment in brand/marketing; growth mode / strategic expansion signal; active partnership or LTO program; proven collaboration track record (Missoni, Lilly Pulitzer).",VP of Brand Collaboration,Missoni; Lilly Pulitzer; Alexander McQueen,"Target Names New Chief Brand Officer, Eyes Expanded LTO Design Partnerships",Retail Dive,2026-05-26,https://www.target.com,TGT
REI Co-op,Seattle,WA,$3.7B,Outdoor Retail,100,Tier 1,25,25,30,20,"""REI Appoints New Head of Creative Partnerships, Signals Brand Collaboration Push"" (Outdoor Retailer News) | Key signals: new leadership appointment in brand/marketing; growth mode / strategic expansion signal; active partnership or LTO program; proven collaboration track record (Patagonia, Arc'teryx).",VP of Brand Collaboration,Patagonia; Arc'teryx; various brand activations,"REI Appoints New Head of Creative Partnerships, Signals Brand Collaboration Push",Outdoor Retailer News,2026-05-24,https://www.rei.com,
Nordstrom,Seattle,WA,$14.8B,Fashion Retail,100,Tier 1,25,25,30,20,"""Nordstrom Hires VP of Brand Collaboration from LVMH's North America Division"" (WWD) | Key signals: new leadership appointment in brand/marketing; active partnership or LTO program; proven collaboration track record (Opening Ceremony, Madewell).",VP of Brand Collaboration,Opening Ceremony; Madewell; various designer LTOs,Nordstrom Hires VP of Brand Collaboration from LVMH's North America Division,WWD,2026-05-27,https://www.nordstrom.com,JWN
General Mills,Minneapolis,MN,$19.9B,Food & Beverage,95,Tier 1,25,25,30,15,"""General Mills Launches 'Taste the Art' Initiative — Designer Packaging LTO Program"" (Ad Age) | Key signals: growth mode / strategic expansion signal; active partnership or LTO program; proven collaboration track record (various limited-edition artist packaging campaigns).",VP of Brand Collaboration / Creative Director of LTOs,various limited-edition artist packaging campaigns,General Mills Launches 'Taste the Art' Initiative — Designer Packaging LTO Program,Ad Age,2026-05-23,https://www.generalmills.com,GIS
Starbucks,Seattle,WA,$36.2B,Food & Beverage / Hospitality,90,Tier 1,25,25,30,10,"""Starbucks Q2 Earnings: CEO Signals 'Cultural Partnership Renaissance' in Strategy Refresh"" (Bloomberg) | Key signals: active partnership or LTO program; proven collaboration track record (Stanley, Spotify).",VP of Brand Collaboration / Creative Director of LTOs,Stanley; Spotify; various artist cup designs,Starbucks Q2 Earnings: CEO Signals 'Cultural Partnership Renaissance' in Strategy Refresh,Bloomberg,2026-05-25,https://www.starbucks.com,SBUX
Tractor Supply Co.,Brentwood,TN,$14.6B,Farm & Ranch Retail,85,Tier 1,15,25,30,15,"""Tractor Supply Co. Sees 22% YoY Growth, Eyes 'Rural Lifestyle Brand' Collaborations"" (CNBC) | Key signals: growth mode / strategic expansion signal; active partnership or LTO program; proven collaboration track record (various country music brand activations).",Head of Global Partnerships / Design Partnership Team,various country music brand activations,"Tractor Supply Co. Sees 22% YoY Growth, Eyes 'Rural Lifestyle Brand' Collaborations",CNBC,2026-05-24,https://www.tractorsupply.com,TSCO
H-E-B Grocery,San Antonio,TX,$38.0B,Grocery Retail,85,Tier 1,15,25,30,15,"""H-E-B Announces Record Revenue and Expands Into Brand Lifestyle Strategy"" (Austin American-Statesman) | Key signals: growth mode / strategic expansion signal; active partnership or LTO program; proven collaboration track record (various Texas artist collaborations).",Head of Global Partnerships / Design Partnership Team,various Texas artist collaborations,H-E-B Announces Record Revenue and Expands Into Brand Lifestyle Strategy,Austin American-Statesman,2026-05-25,https://www.heb.com,
Lululemon,Vancouver,BC,$9.6B,Activewear / Lifestyle Retail,80,Tier 1,15,25,30,10,"""Lululemon Names New VP of Cultural Marketing, Plans Global Collab Campaign"" (Retail Brew) | Key signals: active partnership or LTO program; proven collaboration track record (various local artist programs, Team Canada).",Head of Global Partnerships / Design Partnership Team,various local artist programs; Team Canada,"Lululemon Names New VP of Cultural Marketing, Plans Global Collab Campaign",Retail Brew,2026-05-26,https://www.lululemon.com,LULU
Kroger,Cincinnati,OH,$148.3B,Grocery Retail,80,Tier 1,25,25,30,0,"""Kroger Investor Day: 'Premium Private Label' Expansion to Include Designer Collaborations"" (Grocery Dive) | Key signals: growth mode / strategic expansion signal; active partnership or LTO program; proven collaboration track record (various exclusive private-label lines).",Head of Global Partnerships / Design Partnership Team,various exclusive private-label lines,Kroger Investor Day: 'Premium Private Label' Expansion to Include Designer Collaborations,Grocery Dive,2026-05-21,https://www.kroger.com,KR
3M,St. Paul,MN,$33.5B,Industrial / Consumer Products,75,Tier 2,15,25,15,20,"""3M's Consumer Division Hires CMO with Luxury Brand Background"" (Marketing Week) | Key signals: new leadership appointment in brand/marketing; active partnership or LTO program.",VP of Brand Collaboration,,3M's Consumer Division Hires CMO with Luxury Brand Background,Marketing Week,2026-05-23,https://www.3m.com,MMM
Delta Air Lines,Atlanta,GA,$55.7B,Aviation,75,Tier 2,0,25,30,20,"""Delta Unveils 'Delta x Design' Program — Co-Branded Collaborations with Artists and Designers"" (Fast Company) | Key signals: new leadership appointment in brand/marketing; growth mode / strategic expansion signal; active partnership or LTO program; proven collaboration track record (Porsche, various lifestyle brand tie-ins).",VP of Brand Collaboration,Porsche; various lifestyle brand tie-ins,Delta Unveils 'Delta x Design' Program — Co-Branded Collaborations with Artists and Designers,Fast Company,2026-05-22,https://www.delta.com,DAL
Procter & Gamble,Cincinnati,OH,$82.0B,Consumer Packaged Goods,70,Tier 2,25,25,20,0,Key signals: active partnership or LTO program; proven collaboration track record (various sports and entertainment sponsorships).,VP of Brand Partnerships / Chief Marketing Officer,various sports and entertainment sponsorships,,,,https://www.pg.com,PG
Alaska Airlines,Seattle,WA,$9.9B,Aviation,70,Tier 2,25,25,20,0,"Key signals: active partnership or LTO program; proven collaboration track record (Virgin America branding legacy, various artist livery programs).",VP of Marketing Partnerships / Head of Brand Experience,Virgin America branding legacy; various artist livery programs,,,,https://www.alaskaair.com,ALK
Best Buy,Richfield,MN,$43.5B,Consumer Electronics Retail,60,Tier 2,15,25,20,0,"Key signals: active partnership or LTO program; proven collaboration track record (Apple, Samsung).",Head of Global Partnerships / Design Partnership Team,Apple; Samsung; various exclusive drops,,,,https://www.bestbuy.com,BBY
Patagonia,Ventura,CA,$1.5B,Outdoor Apparel,60,Tier 2,15,25,20,0,"Key signals: active partnership or LTO program; proven collaboration track record (various environmental NGOs, film collaborations).",VP of Brand Collaboration / Creative Director,various environmental NGOs; film collaborations,,,,https://www.patagonia.com,
Duluth Trading Company,Belleville,WI,$660M,Workwear / Lifestyle Retail,60,Tier 2,15,15,15,15,"""H-E-B Announces Record Revenue and Expands Into Brand Lifestyle Strategy"" (Austin American-Statesman) | Key signals: growth mode / strategic expansion signal; active partnership or LTO program.",Head of Global Partnerships / Design Partnership Team,,Starbucks Q2 Earnings: CEO Signals 'Cultural Partnership Renaissance' in Strategy Refresh,Bloomberg,2026-05-25,https://www.duluthtrading.com,DLTH
Spotify,Stockholm,Sweden,$14.0B,Music Streaming / Tech,55,Watch List,10,25,20,0,"Key signals: active partnership or LTO program; proven collaboration track record (Coca-Cola, Starbucks).",Head of Cultural Partnerships / VP of Brand Experience,Coca-Cola; Starbucks; various artist merch drops,,,,https://www.spotify.com,SPOT
Cargill,Minneapolis,MN,$165.0B,Agriculture / Food Processing,50,Watch List,25,25,0,0,Company meets baseline financial and geographic criteria.,VP of Brand Collaboration / Creative Director of LTOs,,,,,https://www.cargill.com,
Camping World,Lincolnshire,IL,$7.2B,Outdoor / RV Retail,40,Watch List,15,25,0,0,Company meets baseline financial and geographic criteria.,Head of Global Partnerships / Design Partnership Team,,,,,https://www.campingworld.com,CWH
Chewy,Dania Beach,FL,$11.8B,Pet Retail / E-commerce,40,Watch List,15,25,0,0,Company meets baseline financial and geographic criteria.,Head of Global Partnerships / Design Partnership Team,,,,,https://www.chewy.com,CHWY
